Job Title,Company,Location,Date Posted
Energy engineer,Vasquez-Davidson,"Christopherville, AA",2021-04-08
Software Engineer (Python),Garcia PLC,"Ericberg, AE",2021-04-08
Materials engineer,Smith and Sons,"South Davidtown, AP",2021-04-08
Materials engineer,"Davis, Serrano and Cook","South Tammyberg, AP",2021-04-08
Structural engineer,Pierce-Long,"Herbertside, AA",2021-04-08
Broadcast engineer,"Morgan, Butler and Bennett","Loribury, AA",2021-04-08
"Engineer, communications",Dixon Inc,"Wrightberg, AP",2021-04-08
"Engineer, broadcasting (operations)",Taylor PLC,"Gileston, AA",2021-04-08
Manufacturing systems engineer,Garcia PLC,"Joybury, AE",2021-04-08
"Engineer, automotive",Martinez-Berry,"New Jeffrey, AP",2021-04-08
Manufacturing systems engineer,Stanley-Frederick,"Stevensland, AP",2021-04-08
